{
  "checkpoint": "phase_a_sft",
  "n_samples": 20,
  "rouge_l_mean": 0.07215231353252421,
  "bleu": 0.00794795386480658,
  "bleu_precisions": [
    0.21995043370508055,
    0.041425020712510356,
    0.01641046946406315,
    0.010416666666666666
  ],
  "bertscore_f1_mean": 0.5408677458763123,
  "flesch_kincaid_mean": 10.708190122308569,
  "gunning_fog_mean": 13.383600642050737
}