{
  "checkpoint": "phase_a_sft",
  "n_samples": 20,
  "rouge_l_mean": 0.4102718511562585,
  "bleu": 0.30791248665103566,
  "bleu_precisions": [
    0.6846946691787654,
    0.4574030878596024,
    0.3625737504174552,
    0.30492022760236526
  ],
  "bertscore_f1_mean": 0.8892383575439453,
  "flesch_kincaid_mean": 10.582067159774288,
  "gunning_fog_mean": 14.01293050180097
}